promoter_name_bc,promoter_name,TFBS_random_bc,TFBS,TF,by_ppm_name,rank
TGTGGAAGCAGCTGCGCCCCCA_NHLH1_AAAATGAACCCGTCATATTC,TGTGGAAGCAGCTGCGCCCCCA_NHLH1,TGTGGAAGCAGCTGCGCCCCCA_AAAATGAACCCGTCATATTC,TGTGGAAGCAGCTGCGCCCCCA,NHLH1,NHLH1_1	HEN1_transfac_M00058_v10,10
TGTGGAAGCAGCTGCGCCCCCA_NHLH1_AAACAAACCATAAACCACGA,TGTGGAAGCAGCTGCGCCCCCA_NHLH1,TGTGGAAGCAGCTGCGCCCCCA_AAACAAACCATAAACCACGA,TGTGGAAGCAGCTGCGCCCCCA,NHLH1,NHLH1_1	HEN1_transfac_M00058_v10,10
TGTGGAAGCAGCTGCGCCCCCA_NHLH1_AAACATGCGCTCCTTGATAG,TGTGGAAGCAGCTGCGCCCCCA_NHLH1,TGTGGAAGCAGCTGCGCCCCCA_AAACATGCGCTCCTTGATAG,TGTGGAAGCAGCTGCGCCCCCA,NHLH1,NHLH1_1	HEN1_transfac_M00058_v10,10
TGTGGAAGCAGCTGCGCCCCCA_NHLH1_AAACGTCAAGGAACCCTTTT,TGTGGAAGCAGCTGCGCCCCCA_NHLH1,TGTGGAAGCAGCTGCGCCCCCA_AAACGTCAAGGAACCCTTTT,TGTGGAAGCAGCTGCGCCCCCA,NHLH1,NHLH1_1	HEN1_transfac_M00058_v10,10
TGTGGAAGCAGCTGCGCCCCCA_NHLH1_AAAGTTGAAATGGTGCCCTC,TGTGGAAGCAGCTGCGCCCCCA_NHLH1,TGTGGAAGCAGCTGCGCCCCCA_AAAGTTGAAATGGTGCCCTC,TGTGGAAGCAGCTGCGCCCCCA,NHLH1,NHLH1_1	HEN1_transfac_M00058_v10,10
AGTCATTAGA_HOXB3_AAACACCGATGTCATGCCGT,AGTCATTAGA_HOXB3,AGTCATTAGA_AAACACCGATGTCATGCCGT,AGTCATTAGA,HOXB3,HOXB3_2	HOXB3_jolma_DBD_M531_v6,6
AGTCATTAGA_HOXB3_AACGCGAAAGGTCTCTGTCC,AGTCATTAGA_HOXB3,AGTCATTAGA_AACGCGAAAGGTCTCTGTCC,AGTCATTAGA,HOXB3,HOXB3_2	HOXB3_jolma_DBD_M531_v6,6
AGTCATTAGA_HOXB3_AGACTGTCAACCTTACCGCG,AGTCATTAGA_HOXB3,AGTCATTAGA_AGACTGTCAACCTTACCGCG,AGTCATTAGA,HOXB3,HOXB3_2	HOXB3_jolma_DBD_M531_v6,6
AGTCATTAGA_HOXB3_AGGGGACCTCCTGTAGCGGT,AGTCATTAGA_HOXB3,AGTCATTAGA_AGGGGACCTCCTGTAGCGGT,AGTCATTAGA,HOXB3,HOXB3_2	HOXB3_jolma_DBD_M531_v6,6
AGTCATTAGA_HOXB3_AGTACCGACTCACGCCCAGT,AGTCATTAGA_HOXB3,AGTCATTAGA_AGTACCGACTCACGCCCAGT,AGTCATTAGA,HOXB3,HOXB3_2	HOXB3_jolma_DBD_M531_v6,6
TCGGCA_NFIC_AAAACTTGAAACGTTCTTAC,TCGGCA_NFIC,TCGGCA_AAAACTTGAAACGTTCTTAC,TCGGCA,NFIC,NFIC_Hsapiens-jaspar2016-NFIC-MA0161.1_v3,3
TCGGCA_NFIC_AAAGCTGCTTACACGTTGTG,TCGGCA_NFIC,TCGGCA_AAAGCTGCTTACACGTTGTG,TCGGCA,NFIC,NFIC_Hsapiens-jaspar2016-NFIC-MA0161.1_v3,3
TCGGCA_NFIC_AAATAACCTCCAGTCTATCT,TCGGCA_NFIC,TCGGCA_AAATAACCTCCAGTCTATCT,TCGGCA,NFIC,NFIC_Hsapiens-jaspar2016-NFIC-MA0161.1_v3,3
TCGGCA_NFIC_AACACACACATATATCAGAA,TCGGCA_NFIC,TCGGCA_AACACACACATATATCAGAA,TCGGCA,NFIC,NFIC_Hsapiens-jaspar2016-NFIC-MA0161.1_v3,3
TCGGCA_NFIC_AACATATCATTTTAGTTGAT,TCGGCA_NFIC,TCGGCA_AACATATCATTTTAGTTGAT,TCGGCA,NFIC,NFIC_Hsapiens-jaspar2016-NFIC-MA0161.1_v3,3
AGGTGTGATC_TBR1_AAATCTATGGGGCTCGCGAA,AGGTGTGATC_TBR1,AGGTGTGATC_AAATCTATGGGGCTCGCGAA,AGGTGTGATC,TBR1,TBR1_Hsapiens-jaspar2016-TBR1-MA0802.1_v10,10
AGGTGTGATC_TBR1_AACGAATCCCGCCATTACCT,AGGTGTGATC_TBR1,AGGTGTGATC_AACGAATCCCGCCATTACCT,AGGTGTGATC,TBR1,TBR1_Hsapiens-jaspar2016-TBR1-MA0802.1_v10,10
AGGTGTGATC_TBR1_AAGACTCACAGTTATTCACT,AGGTGTGATC_TBR1,AGGTGTGATC_AAGACTCACAGTTATTCACT,AGGTGTGATC,TBR1,TBR1_Hsapiens-jaspar2016-TBR1-MA0802.1_v10,10
AGGTGTGATC_TBR1_AAGTTTATGGTCATCATTGC,AGGTGTGATC_TBR1,AGGTGTGATC_AAGTTTATGGTCATCATTGC,AGGTGTGATC,TBR1,TBR1_Hsapiens-jaspar2016-TBR1-MA0802.1_v10,10
AGGTGTGATC_TBR1_AATTCGGATCAGGTCCATTC,AGGTGTGATC_TBR1,AGGTGTGATC_AATTCGGATCAGGTCCATTC,AGGTGTGATC,TBR1,TBR1_Hsapiens-jaspar2016-TBR1-MA0802.1_v10,10
CATGTCC_ARFGAP1_AAAAACACCTAAAGAGAGTA,CATGTCC_ARFGAP1,CATGTCC_AAAAACACCTAAAGAGAGTA,CATGTCC,ARFGAP1,ARFGAP1_Hsapiens-hPDI-ARFGAP1_v4,4
CATGTCC_ARFGAP1_AAAATCTGAGTTTTCCCGCT,CATGTCC_ARFGAP1,CATGTCC_AAAATCTGAGTTTTCCCGCT,CATGTCC,ARFGAP1,ARFGAP1_Hsapiens-hPDI-ARFGAP1_v4,4
CATGTCC_ARFGAP1_AAAATGCGCCCTACATATTT,CATGTCC_ARFGAP1,CATGTCC_AAAATGCGCCCTACATATTT,CATGTCC,ARFGAP1,ARFGAP1_Hsapiens-hPDI-ARFGAP1_v4,4
CATGTCC_ARFGAP1_AAAGGCACGACGAGTTGCCT,CATGTCC_ARFGAP1,CATGTCC_AAAGGCACGACGAGTTGCCT,CATGTCC,ARFGAP1,ARFGAP1_Hsapiens-hPDI-ARFGAP1_v4,4
CATGTCC_ARFGAP1_AACCCGTTATGTTAAACTCA,CATGTCC_ARFGAP1,CATGTCC_AACCCGTTATGTTAAACTCA,CATGTCC,ARFGAP1,ARFGAP1_Hsapiens-hPDI-ARFGAP1_v4,4
AACATTTGCACTTC_ETV3_AAAAGACGTCTAACGCAGCC,AACATTTGCACTTC_ETV3,AACATTTGCACTTC_AAAAGACGTCTAACGCAGCC,AACATTTGCACTTC,ETV3,ETV3_Hsapiens-HOCOMOCOv10-ETV3_HUMAN.H10MO.D_v2,2
AACATTTGCACTTC_ETV3_AGCGGCCCTAGAGAACATTC,AACATTTGCACTTC_ETV3,AACATTTGCACTTC_AGCGGCCCTAGAGAACATTC,AACATTTGCACTTC,ETV3,ETV3_Hsapiens-HOCOMOCOv10-ETV3_HUMAN.H10MO.D_v2,2
AACATTTGCACTTC_ETV3_AGTGTCGCTTGCAGCTTGAC,AACATTTGCACTTC_ETV3,AACATTTGCACTTC_AGTGTCGCTTGCAGCTTGAC,AACATTTGCACTTC,ETV3,ETV3_Hsapiens-HOCOMOCOv10-ETV3_HUMAN.H10MO.D_v2,2
AACATTTGCACTTC_ETV3_ATATCTAGCGAATCTGCAAA,AACATTTGCACTTC_ETV3,AACATTTGCACTTC_ATATCTAGCGAATCTGCAAA,AACATTTGCACTTC,ETV3,ETV3_Hsapiens-HOCOMOCOv10-ETV3_HUMAN.H10MO.D_v2,2
AACATTTGCACTTC_ETV3_ATATTAGTTCAACATTTCAA,AACATTTGCACTTC_ETV3,AACATTTGCACTTC_ATATTAGTTCAACATTTCAA,AACATTTGCACTTC,ETV3,ETV3_Hsapiens-HOCOMOCOv10-ETV3_HUMAN.H10MO.D_v2,2
TACACATGCT_CLOCK_AAAAGCCCCTCTTCTCCCGC,TACACATGCT_CLOCK,TACACATGCT_AAAAGCCCCTCTTCTCCCGC,TACACATGCT,CLOCK,CLOCK_Hsapiens-SwissRegulon-CLOCK.SwissRegulon_v5,5
TACACATGCT_CLOCK_AAATCTGAGATACCCACCTA,TACACATGCT_CLOCK,TACACATGCT_AAATCTGAGATACCCACCTA,TACACATGCT,CLOCK,CLOCK_Hsapiens-SwissRegulon-CLOCK.SwissRegulon_v5,5
TACACATGCT_CLOCK_AACCGTCTCAAAGTCGTGTC,TACACATGCT_CLOCK,TACACATGCT_AACCGTCTCAAAGTCGTGTC,TACACATGCT,CLOCK,CLOCK_Hsapiens-SwissRegulon-CLOCK.SwissRegulon_v5,5
TACACATGCT_CLOCK_AACGCCAGGTACCCCGACTA,TACACATGCT_CLOCK,TACACATGCT_AACGCCAGGTACCCCGACTA,TACACATGCT,CLOCK,CLOCK_Hsapiens-SwissRegulon-CLOCK.SwissRegulon_v5,5
TACACATGCT_CLOCK_AAGCTAATCATTTTCTTTCC,TACACATGCT_CLOCK,TACACATGCT_AAGCTAATCATTTTCTTTCC,TACACATGCT,CLOCK,CLOCK_Hsapiens-SwissRegulon-CLOCK.SwissRegulon_v5,5
CTCAATACCATTGAT_SOX15_AATGCGAAACGTGGAATAAT,CTCAATACCATTGAT_SOX15,CTCAATACCATTGAT_AATGCGAAACGTGGAATAAT,CTCAATACCATTGAT,SOX15,SOX15_3	SOX15_jolma_full_M764_v4,4
CTCAATACCATTGAT_SOX15_ACGGGCTCAGCCAGTCACGG,CTCAATACCATTGAT_SOX15,CTCAATACCATTGAT_ACGGGCTCAGCCAGTCACGG,CTCAATACCATTGAT,SOX15,SOX15_3	SOX15_jolma_full_M764_v4,4
CTCAATACCATTGAT_SOX15_ATGCTAAAGTCGCCACCCCG,CTCAATACCATTGAT_SOX15,CTCAATACCATTGAT_ATGCTAAAGTCGCCACCCCG,CTCAATACCATTGAT,SOX15,SOX15_3	SOX15_jolma_full_M764_v4,4
CTCAATACCATTGAT_SOX15_CAACCAGTAGGTGGCCCGAA,CTCAATACCATTGAT_SOX15,CTCAATACCATTGAT_CAACCAGTAGGTGGCCCGAA,CTCAATACCATTGAT,SOX15,SOX15_3	SOX15_jolma_full_M764_v4,4
CTCAATACCATTGAT_SOX15_CACCCTTATGCCAGGCTAAG,CTCAATACCATTGAT_SOX15,CTCAATACCATTGAT_CACCCTTATGCCAGGCTAAG,CTCAATACCATTGAT,SOX15,SOX15_3	SOX15_jolma_full_M764_v4,4
GATTGCGTAACA_NFIL3_ACTGGCGTGCTAATTGCA,GATTGCGTAACA_NFIL3,GATTGCGTAACA_ACTGGCGTGCTAATTGCA,GATTGCGTAACA,NFIL3,NFIL3_Hsapiens-SwissRegulon-NFIL3.SwissRegulon_v10,10
GATTGCGTAACA_NFIL3_ATACCTTATCACTACCGATG,GATTGCGTAACA_NFIL3,GATTGCGTAACA_ATACCTTATCACTACCGATG,GATTGCGTAACA,NFIL3,NFIL3_Hsapiens-SwissRegulon-NFIL3.SwissRegulon_v10,10
GATTGCGTAACA_NFIL3_CCGTACCGCCATTATTAGAC,GATTGCGTAACA_NFIL3,GATTGCGTAACA_CCGTACCGCCATTATTAGAC,GATTGCGTAACA,NFIL3,NFIL3_Hsapiens-SwissRegulon-NFIL3.SwissRegulon_v10,10
GATTGCGTAACA_NFIL3_CGGCCGAGTTAAGTTTCCAG,GATTGCGTAACA_NFIL3,GATTGCGTAACA_CGGCCGAGTTAAGTTTCCAG,GATTGCGTAACA,NFIL3,NFIL3_Hsapiens-SwissRegulon-NFIL3.SwissRegulon_v10,10
GATTGCGTAACA_NFIL3_GACTTTGGCTATGACTCGCG,GATTGCGTAACA_NFIL3,GATTGCGTAACA_GACTTTGGCTATGACTCGCG,GATTGCGTAACA,NFIL3,NFIL3_Hsapiens-SwissRegulon-NFIL3.SwissRegulon_v10,10
AGGGTCAAAGGGTCA_RARA_AAAGGATTACCAAGCGCAAA,AGGGTCAAAGGGTCA_RARA,AGGGTCAAAGGGTCA_AAAGGATTACCAAGCGCAAA,AGGGTCAAAGGGTCA,RARA,RARA_5	RARA_jolma_full_M696_v3,3
AGGGTCAAAGGGTCA_RARA_AACACAAAATTAATCGCTCT,AGGGTCAAAGGGTCA_RARA,AGGGTCAAAGGGTCA_AACACAAAATTAATCGCTCT,AGGGTCAAAGGGTCA,RARA,RARA_5	RARA_jolma_full_M696_v3,3
AGGGTCAAAGGGTCA_RARA_AACGTCCACTTAACTGGAAC,AGGGTCAAAGGGTCA_RARA,AGGGTCAAAGGGTCA_AACGTCCACTTAACTGGAAC,AGGGTCAAAGGGTCA,RARA,RARA_5	RARA_jolma_full_M696_v3,3
AGGGTCAAAGGGTCA_RARA_AAGTCCGCTACCTATCGAAC,AGGGTCAAAGGGTCA_RARA,AGGGTCAAAGGGTCA_AAGTCCGCTACCTATCGAAC,AGGGTCAAAGGGTCA,RARA,RARA_5	RARA_jolma_full_M696_v3,3
AGGGTCAAAGGGTCA_RARA_AATGAAGCTATGTTTCCCCA,AGGGTCAAAGGGTCA_RARA,AGGGTCAAAGGGTCA_AATGAAGCTATGTTTCCCCA,AGGGTCAAAGGGTCA,RARA,RARA_5	RARA_jolma_full_M696_v3,3
AACATACGCC_OLIG2_AAAAAGGTACGAGCAAACAC,AACATACGCC_OLIG2,AACATACGCC_AAAAAGGTACGAGCAAACAC,AACATACGCC,OLIG2,OLIG2_Hsapiens-jaspar2016-OLIG2-MA0678.1_v10,10
AACATACGCC_OLIG2_AAACACGGTTCCACCGCCGA,AACATACGCC_OLIG2,AACATACGCC_AAACACGGTTCCACCGCCGA,AACATACGCC,OLIG2,OLIG2_Hsapiens-jaspar2016-OLIG2-MA0678.1_v10,10
AACATACGCC_OLIG2_AACACGCAAGTATGCGTGTT,AACATACGCC_OLIG2,AACATACGCC_AACACGCAAGTATGCGTGTT,AACATACGCC,OLIG2,OLIG2_Hsapiens-jaspar2016-OLIG2-MA0678.1_v10,10
AACATACGCC_OLIG2_AACACGTGTCTAAGACACTA,AACATACGCC_OLIG2,AACATACGCC_AACACGTGTCTAAGACACTA,AACATACGCC,OLIG2,OLIG2_Hsapiens-jaspar2016-OLIG2-MA0678.1_v10,10
AACATACGCC_OLIG2_ACAGTGATATATCACATAAA,AACATACGCC_OLIG2,AACATACGCC_ACAGTGATATATCACATAAA,AACATACGCC,OLIG2,OLIG2_Hsapiens-jaspar2016-OLIG2-MA0678.1_v10,10
ACCGGATATCCGCC_FLI1_AAAGGTAACACTACAACATC,ACCGGATATCCGCC_FLI1,ACCGGATATCCGCC_AAAGGTAACACTACAACATC,ACCGGATATCCGCC,FLI1,FLI1_2	FLI1_jolma_DBD_M113_v2,2
ACCGGATATCCGCC_FLI1_AACTACATTCTAAAAACCAA,ACCGGATATCCGCC_FLI1,ACCGGATATCCGCC_AACTACATTCTAAAAACCAA,ACCGGATATCCGCC,FLI1,FLI1_2	FLI1_jolma_DBD_M113_v2,2
ACCGGATATCCGCC_FLI1_AAGTTGCGTCATATCACTGT,ACCGGATATCCGCC_FLI1,ACCGGATATCCGCC_AAGTTGCGTCATATCACTGT,ACCGGATATCCGCC,FLI1,FLI1_2	FLI1_jolma_DBD_M113_v2,2
ACCGGATATCCGCC_FLI1_AATAAATGGGGCACAAAAAT,ACCGGATATCCGCC_FLI1,ACCGGATATCCGCC_AATAAATGGGGCACAAAAAT,ACCGGATATCCGCC,FLI1,FLI1_2	FLI1_jolma_DBD_M113_v2,2
ACCGGATATCCGCC_FLI1_AATAAGCTTTTTCACCAGGG,ACCGGATATCCGCC_FLI1,ACCGGATATCCGCC_AATAAGCTTTTTCACCAGGG,ACCGGATATCCGCC,FLI1,FLI1_2	FLI1_jolma_DBD_M113_v2,2
TCAATTGC_UNCX_AAACACCACCACGTACTACC,TCAATTGC_UNCX,TCAATTGC_AAACACCACCACGTACTACC,TCAATTGC,UNCX,UNCX_5	Uncx_jolma_DBD_M646_v8,8
TCAATTGC_UNCX_AACACCTAGTTCCGTTATTC,TCAATTGC_UNCX,TCAATTGC_AACACCTAGTTCCGTTATTC,TCAATTGC,UNCX,UNCX_5	Uncx_jolma_DBD_M646_v8,8
TCAATTGC_UNCX_AACAGATGGCTCCGCCAGTT,TCAATTGC_UNCX,TCAATTGC_AACAGATGGCTCCGCCAGTT,TCAATTGC,UNCX,UNCX_5	Uncx_jolma_DBD_M646_v8,8
TCAATTGC_UNCX_AAGTAGTTACCTAGGCGTTC,TCAATTGC_UNCX,TCAATTGC_AAGTAGTTACCTAGGCGTTC,TCAATTGC,UNCX,UNCX_5	Uncx_jolma_DBD_M646_v8,8
TCAATTGC_UNCX_AATCCGGTTTGGTCCTGGAC,TCAATTGC_UNCX,TCAATTGC_AATCCGGTTTGGTCCTGGAC,TCAATTGC,UNCX,UNCX_5	Uncx_jolma_DBD_M646_v8,8
AGTACTTAA_NKX3-2_ACCGCCACACCAACAAACAG,AGTACTTAA_NKX3-2,AGTACTTAA_ACCGCCACACCAACAAACAG,AGTACTTAA,NKX3-2,NKX3-2_Hsapiens-jolma2013-NKX3-2_v6,6
AGTACTTAA_NKX3-2_ATTACACCCAACATACCAAT,AGTACTTAA_NKX3-2,AGTACTTAA_ATTACACCCAACATACCAAT,AGTACTTAA,NKX3-2,NKX3-2_Hsapiens-jolma2013-NKX3-2_v6,6
AGTACTTAA_NKX3-2_ATTCTGTGCTCTTAATCGCG,AGTACTTAA_NKX3-2,AGTACTTAA_ATTCTGTGCTCTTAATCGCG,AGTACTTAA,NKX3-2,NKX3-2_Hsapiens-jolma2013-NKX3-2_v6,6
AGTACTTAA_NKX3-2_CGCAATTTCCCCACACCGTA,AGTACTTAA_NKX3-2,AGTACTTAA_CGCAATTTCCCCACACCGTA,AGTACTTAA,NKX3-2,NKX3-2_Hsapiens-jolma2013-NKX3-2_v6,6
AGTACTTAA_NKX3-2_GTTGAAAGATTCATTGCCCG,AGTACTTAA_NKX3-2,AGTACTTAA_GTTGAAAGATTCATTGCCCG,AGTACTTAA,NKX3-2,NKX3-2_Hsapiens-jolma2013-NKX3-2_v6,6
CACCGGAAGCA_ETV2_AAAGTGTTGTTAATTTGAAG,CACCGGAAGCA_ETV2,CACCGGAAGCA_AAAGTGTTGTTAATTTGAAG,CACCGGAAGCA,ETV2,ETV2_Hsapiens-jolma2013-ETV2_v6,6
CACCGGAAGCA_ETV2_AACTATTTTTACGACATGCA,CACCGGAAGCA_ETV2,CACCGGAAGCA_AACTATTTTTACGACATGCA,CACCGGAAGCA,ETV2,ETV2_Hsapiens-jolma2013-ETV2_v6,6
CACCGGAAGCA_ETV2_AAGGATAATAAATCACAGAC,CACCGGAAGCA_ETV2,CACCGGAAGCA_AAGGATAATAAATCACAGAC,CACCGGAAGCA,ETV2,ETV2_Hsapiens-jolma2013-ETV2_v6,6
CACCGGAAGCA_ETV2_AATCTCCACAGATAACCATC,CACCGGAAGCA_ETV2,CACCGGAAGCA_AATCTCCACAGATAACCATC,CACCGGAAGCA,ETV2,ETV2_Hsapiens-jolma2013-ETV2_v6,6
CACCGGAAGCA_ETV2_AATGCATTGAGGATACCTGT,CACCGGAAGCA_ETV2,CACCGGAAGCA_AATGCATTGAGGATACCTGT,CACCGGAAGCA,ETV2,ETV2_Hsapiens-jolma2013-ETV2_v6,6
TTGCGCAATCTC_CEBPE_AAAAATAGTGTGGCGAGACA,TTGCGCAATCTC_CEBPE,TTGCGCAATCTC_AAAAATAGTGTGGCGAGACA,TTGCGCAATCTC,CEBPE,CEBPE_Hsapiens-HOCOMOCOv10-CEBPE_HUMAN.H10MO.A_v3,3
TTGCGCAATCTC_CEBPE_AAACCTTTTCAATTCTTTCA,TTGCGCAATCTC_CEBPE,TTGCGCAATCTC_AAACCTTTTCAATTCTTTCA,TTGCGCAATCTC,CEBPE,CEBPE_Hsapiens-HOCOMOCOv10-CEBPE_HUMAN.H10MO.A_v3,3
TTGCGCAATCTC_CEBPE_AAATAAGTGAGGTCTTTTCA,TTGCGCAATCTC_CEBPE,TTGCGCAATCTC_AAATAAGTGAGGTCTTTTCA,TTGCGCAATCTC,CEBPE,CEBPE_Hsapiens-HOCOMOCOv10-CEBPE_HUMAN.H10MO.A_v3,3
TTGCGCAATCTC_CEBPE_AACCCAACCCTTCAGACACC,TTGCGCAATCTC_CEBPE,TTGCGCAATCTC_AACCCAACCCTTCAGACACC,TTGCGCAATCTC,CEBPE,CEBPE_Hsapiens-HOCOMOCOv10-CEBPE_HUMAN.H10MO.A_v3,3
TTGCGCAATCTC_CEBPE_AACCCACTTTCCGGCAGACC,TTGCGCAATCTC_CEBPE,TTGCGCAATCTC_AACCCACTTTCCGGCAGACC,TTGCGCAATCTC,CEBPE,CEBPE_Hsapiens-HOCOMOCOv10-CEBPE_HUMAN.H10MO.A_v3,3
GTGGGAGG_IKZF1_AAAAATTAAACTCTTCTCCC,GTGGGAGG_IKZF1,GTGGGAGG_AAAAATTAAACTCTTCTCCC,GTGGGAGG,IKZF1,IKZF1_Hsapiens-HOCOMOCOv10-IKZF1_HUMAN.H10MO.C_v7,7
GTGGGAGG_IKZF1_AAACGAAACGCTTAGACATAG,GTGGGAGG_IKZF1,GTGGGAGG_AAACGAAACGCTTAGACATAG,GTGGGAGG,IKZF1,IKZF1_Hsapiens-HOCOMOCOv10-IKZF1_HUMAN.H10MO.C_v7,7
GTGGGAGG_IKZF1_AAAGTCGTCCTCGGCTTCAC,GTGGGAGG_IKZF1,GTGGGAGG_AAAGTCGTCCTCGGCTTCAC,GTGGGAGG,IKZF1,IKZF1_Hsapiens-HOCOMOCOv10-IKZF1_HUMAN.H10MO.C_v7,7
GTGGGAGG_IKZF1_AAATGCTTAGTCCCGAATGA,GTGGGAGG_IKZF1,GTGGGAGG_AAATGCTTAGTCCCGAATGA,GTGGGAGG,IKZF1,IKZF1_Hsapiens-HOCOMOCOv10-IKZF1_HUMAN.H10MO.C_v7,7
GTGGGAGG_IKZF1_AACTTTTACCTACCCTTATC,GTGGGAGG_IKZF1,GTGGGAGG_AACTTTTACCTACCCTTATC,GTGGGAGG,IKZF1,IKZF1_Hsapiens-HOCOMOCOv10-IKZF1_HUMAN.H10MO.C_v7,7
CAACATATGTTT_BHLHE22_ACTGTGCCTCAAGGATCCTT,CAACATATGTTT_BHLHE22,CAACATATGTTT_ACTGTGCCTCAAGGATCCTT,CAACATATGTTT,BHLHE22,BHLHE22_Hsapiens-cisbp_1.02-M5307_1.02_v5,5
CAACATATGTTT_BHLHE22_ATCGAAAATGTCACGTACTA,CAACATATGTTT_BHLHE22,CAACATATGTTT_ATCGAAAATGTCACGTACTA,CAACATATGTTT,BHLHE22,BHLHE22_Hsapiens-cisbp_1.02-M5307_1.02_v5,5
CAACATATGTTT_BHLHE22_CACCAGTCGGATGCGAGA,CAACATATGTTT_BHLHE22,CAACATATGTTT_CACCAGTCGGATGCGAGA,CAACATATGTTT,BHLHE22,BHLHE22_Hsapiens-cisbp_1.02-M5307_1.02_v5,5
CAACATATGTTT_BHLHE22_CATACACCGTCTTGATATCC,CAACATATGTTT_BHLHE22,CAACATATGTTT_CATACACCGTCTTGATATCC,CAACATATGTTT,BHLHE22,BHLHE22_Hsapiens-cisbp_1.02-M5307_1.02_v5,5
CAACATATGTTT_BHLHE22_CCATGCCCCCCACGACACCC,CAACATATGTTT_BHLHE22,CAACATATGTTT_CCATGCCCCCCACGACACCC,CAACATATGTTT,BHLHE22,BHLHE22_Hsapiens-cisbp_1.02-M5307_1.02_v5,5
AGAGTGGGCGT_EGR3_AAAAATTACCATACGACTCC,AGAGTGGGCGT_EGR3,AGAGTGGGCGT_AAAAATTACCATACGACTCC,AGAGTGGGCGT,EGR3,EGR3_Hsapiens-HOCOMOCOv10-EGR3_HUMAN.H10MO.D_v2,2
AGAGTGGGCGT_EGR3_AAACACAGCGAAATTAACAT,AGAGTGGGCGT_EGR3,AGAGTGGGCGT_AAACACAGCGAAATTAACAT,AGAGTGGGCGT,EGR3,EGR3_Hsapiens-HOCOMOCOv10-EGR3_HUMAN.H10MO.D_v2,2
AGAGTGGGCGT_EGR3_AAAGAATCCCTCGCTACGAC,AGAGTGGGCGT_EGR3,AGAGTGGGCGT_AAAGAATCCCTCGCTACGAC,AGAGTGGGCGT,EGR3,EGR3_Hsapiens-HOCOMOCOv10-EGR3_HUMAN.H10MO.D_v2,2
AGAGTGGGCGT_EGR3_AAAGGGAGATGTCGGGCCCA,AGAGTGGGCGT_EGR3,AGAGTGGGCGT_AAAGGGAGATGTCGGGCCCA,AGAGTGGGCGT,EGR3,EGR3_Hsapiens-HOCOMOCOv10-EGR3_HUMAN.H10MO.D_v2,2
AGAGTGGGCGT_EGR3_AAATAGCACTCTCCAACACA,AGAGTGGGCGT_EGR3,AGAGTGGGCGT_AAATAGCACTCTCCAACACA,AGAGTGGGCGT,EGR3,EGR3_Hsapiens-HOCOMOCOv10-EGR3_HUMAN.H10MO.D_v2,2
AACAATGGCAGTGTT_SOX10_AACAGCCGGATGGAGGCTTG,AACAATGGCAGTGTT_SOX10,AACAATGGCAGTGTT_AACAGCCGGATGGAGGCTTG,AACAATGGCAGTGTT,SOX10,SOX10_3	SOX10_jolma_full_M755_v4,4
AACAATGGCAGTGTT_SOX10_AATTAGATGGCACCAAATCG,AACAATGGCAGTGTT_SOX10,AACAATGGCAGTGTT_AATTAGATGGCACCAAATCG,AACAATGGCAGTGTT,SOX10,SOX10_3	SOX10_jolma_full_M755_v4,4
AACAATGGCAGTGTT_SOX10_ACATCAACGCTCATGCGCCT,AACAATGGCAGTGTT_SOX10,AACAATGGCAGTGTT_ACATCAACGCTCATGCGCCT,AACAATGGCAGTGTT,SOX10,SOX10_3	SOX10_jolma_full_M755_v4,4
AACAATGGCAGTGTT_SOX10_ACCGCACTACGCTTTCTATG,AACAATGGCAGTGTT_SOX10,AACAATGGCAGTGTT_ACCGCACTACGCTTTCTATG,AACAATGGCAGTGTT,SOX10,SOX10_3	SOX10_jolma_full_M755_v4,4
AACAATGGCAGTGTT_SOX10_AGTGAATTGACTTGACGGCC,AACAATGGCAGTGTT_SOX10,AACAATGGCAGTGTT_AGTGAATTGACTTGACGGCC,AACAATGGCAGTGTT,SOX10,SOX10_3	SOX10_jolma_full_M755_v4,4
GTGACCTTACTAAGGTCAA_THRB_AAACGTCGATAGATGCTCAC,GTGACCTTACTAAGGTCAA_THRB,GTGACCTTACTAAGGTCAA_AAACGTCGATAGATGCTCAC,GTGACCTTACTAAGGTCAA,THRB,THRB_Hsapiens-jolma2013-THRB-2_v8,8
GTGACCTTACTAAGGTCAA_THRB_AGTTCAAACGGCGTTCCACT,GTGACCTTACTAAGGTCAA_THRB,GTGACCTTACTAAGGTCAA_AGTTCAAACGGCGTTCCACT,GTGACCTTACTAAGGTCAA,THRB,THRB_Hsapiens-jolma2013-THRB-2_v8,8
GTGACCTTACTAAGGTCAA_THRB_ATCGATACCCTCTAGACGCC,GTGACCTTACTAAGGTCAA_THRB,GTGACCTTACTAAGGTCAA_ATCGATACCCTCTAGACGCC,GTGACCTTACTAAGGTCAA,THRB,THRB_Hsapiens-jolma2013-THRB-2_v8,8
GTGACCTTACTAAGGTCAA_THRB_CAAATCTTGACGATAAGCTA,GTGACCTTACTAAGGTCAA_THRB,GTGACCTTACTAAGGTCAA_CAAATCTTGACGATAAGCTA,GTGACCTTACTAAGGTCAA,THRB,THRB_Hsapiens-jolma2013-THRB-2_v8,8
GTGACCTTACTAAGGTCAA_THRB_CAACCCAGCCACCGTACATC,GTGACCTTACTAAGGTCAA_THRB,GTGACCTTACTAAGGTCAA_CAACCCAGCCACCGTACATC,GTGACCTTACTAAGGTCAA,THRB,THRB_Hsapiens-jolma2013-THRB-2_v8,8
ATTGAACGTACGGCTTGTTCTTGTTCT_NR3C1_AAACGGCGAACAGATCGTCA,ATTGAACGTACGGCTTGTTCTTGTTCT_NR3C1,ATTGAACGTACGGCTTGTTCTTGTTCT_AAACGGCGAACAGATCGTCA,ATTGAACGTACGGCTTGTTCTTGTTCT,NR3C1,NR3C1_known6	AR_3	AR_transfac_M00953_v3,3
ATTGAACGTACGGCTTGTTCTTGTTCT_NR3C1_AACCTCTCCCTTTTCTGTCGA,ATTGAACGTACGGCTTGTTCTTGTTCT_NR3C1,ATTGAACGTACGGCTTGTTCTTGTTCT_AACCTCTCCCTTTTCTGTCGA,ATTGAACGTACGGCTTGTTCTTGTTCT,NR3C1,NR3C1_known6	AR_3	AR_transfac_M00953_v3,3
ATTGAACGTACGGCTTGTTCTTGTTCT_NR3C1_ACAAACCCCGTCTTCTATCT,ATTGAACGTACGGCTTGTTCTTGTTCT_NR3C1,ATTGAACGTACGGCTTGTTCTTGTTCT_ACAAACCCCGTCTTCTATCT,ATTGAACGTACGGCTTGTTCTTGTTCT,NR3C1,NR3C1_known6	AR_3	AR_transfac_M00953_v3,3
ATTGAACGTACGGCTTGTTCTTGTTCT_NR3C1_ACCCGCCGTATCTATGTGCA,ATTGAACGTACGGCTTGTTCTTGTTCT_NR3C1,ATTGAACGTACGGCTTGTTCTTGTTCT_ACCCGCCGTATCTATGTGCA,ATTGAACGTACGGCTTGTTCTTGTTCT,NR3C1,NR3C1_known6	AR_3	AR_transfac_M00953_v3,3
ATTGAACGTACGGCTTGTTCTTGTTCT_NR3C1_ACGGCTGTGCAGCCTACTTA,ATTGAACGTACGGCTTGTTCTTGTTCT_NR3C1,ATTGAACGTACGGCTTGTTCTTGTTCT_ACGGCTGTGCAGCCTACTTA,ATTGAACGTACGGCTTGTTCTTGTTCT,NR3C1,NR3C1_known6	AR_3	AR_transfac_M00953_v3,3
AAACCGGAAGTCG_ERG_AACTAAGTAAGATCCCGTAA,AAACCGGAAGTCG_ERG,AAACCGGAAGTCG_AACTAAGTAAGATCCCGTAA,AAACCGGAAGTCG,ERG,ERG_Hsapiens-HOCOMOCOv10-ERG_HUMAN.H10MO.B_v8,8
AAACCGGAAGTCG_ERG_AAGTATGTCGCAGTCTTGAG,AAACCGGAAGTCG_ERG,AAACCGGAAGTCG_AAGTATGTCGCAGTCTTGAG,AAACCGGAAGTCG,ERG,ERG_Hsapiens-HOCOMOCOv10-ERG_HUMAN.H10MO.B_v8,8
AAACCGGAAGTCG_ERG_AATGTTATAATTTAGTACGA,AAACCGGAAGTCG_ERG,AAACCGGAAGTCG_AATGTTATAATTTAGTACGA,AAACCGGAAGTCG,ERG,ERG_Hsapiens-HOCOMOCOv10-ERG_HUMAN.H10MO.B_v8,8
AAACCGGAAGTCG_ERG_ACACTTATGACTCCTTATGA,AAACCGGAAGTCG_ERG,AAACCGGAAGTCG_ACACTTATGACTCCTTATGA,AAACCGGAAGTCG,ERG,ERG_Hsapiens-HOCOMOCOv10-ERG_HUMAN.H10MO.B_v8,8
AAACCGGAAGTCG_ERG_ACGAATAAAATACTGTTCGG,AAACCGGAAGTCG_ERG,AAACCGGAAGTCG_ACGAATAAAATACTGTTCGG,AAACCGGAAGTCG,ERG,ERG_Hsapiens-HOCOMOCOv10-ERG_HUMAN.H10MO.B_v8,8
TCACACGTGCCA_HES7_AAAAGAAGTAACACAACAAA,TCACACGTGCCA_HES7,TCACACGTGCCA_AAAAGAAGTAACACAACAAA,TCACACGTGCCA,HES7,HES7_Hsapiens-SwissRegulon-HES7.SwissRegulon_v5,5
TCACACGTGCCA_HES7_AAAATCTCCTTAAAGCTATC,TCACACGTGCCA_HES7,TCACACGTGCCA_AAAATCTCCTTAAAGCTATC,TCACACGTGCCA,HES7,HES7_Hsapiens-SwissRegulon-HES7.SwissRegulon_v5,5
TCACACGTGCCA_HES7_AAAGAACTTGAATCTACGAA,TCACACGTGCCA_HES7,TCACACGTGCCA_AAAGAACTTGAATCTACGAA,TCACACGTGCCA,HES7,HES7_Hsapiens-SwissRegulon-HES7.SwissRegulon_v5,5
TCACACGTGCCA_HES7_AACATCCACCCACTCCAAAT,TCACACGTGCCA_HES7,TCACACGTGCCA_AACATCCACCCACTCCAAAT,TCACACGTGCCA,HES7,HES7_Hsapiens-SwissRegulon-HES7.SwissRegulon_v5,5
TCACACGTGCCA_HES7_AACGTGCATTGACCACTTGC,TCACACGTGCCA_HES7,TCACACGTGCCA_AACGTGCATTGACCACTTGC,TCACACGTGCCA,HES7,HES7_Hsapiens-SwissRegulon-HES7.SwissRegulon_v5,5
AACGGGCG_ZBTB7A_AAAAATTTTCCGTCACGCAC,AACGGGCG_ZBTB7A,AACGGGCG_AAAAATTTTCCGTCACGCAC,AACGGGCG,ZBTB7A,ZBTB7A_disc2 ZBTB7A_K562_encode-Myers_seq_hsa_v041610.1-SC-34508_r1:Trawler#1#Intergenic_v9,9
AACGGGCG_ZBTB7A_AAACTTCACACATAACATGT,AACGGGCG_ZBTB7A,AACGGGCG_AAACTTCACACATAACATGT,AACGGGCG,ZBTB7A,ZBTB7A_disc2 ZBTB7A_K562_encode-Myers_seq_hsa_v041610.1-SC-34508_r1:Trawler#1#Intergenic_v9,9
AACGGGCG_ZBTB7A_AAAGGGTGTCACTACGTGAT,AACGGGCG_ZBTB7A,AACGGGCG_AAAGGGTGTCACTACGTGAT,AACGGGCG,ZBTB7A,ZBTB7A_disc2 ZBTB7A_K562_encode-Myers_seq_hsa_v041610.1-SC-34508_r1:Trawler#1#Intergenic_v9,9
AACGGGCG_ZBTB7A_AACGGACCACATGGGATTAG,AACGGGCG_ZBTB7A,AACGGGCG_AACGGACCACATGGGATTAG,AACGGGCG,ZBTB7A,ZBTB7A_disc2 ZBTB7A_K562_encode-Myers_seq_hsa_v041610.1-SC-34508_r1:Trawler#1#Intergenic_v9,9
AACGGGCG_ZBTB7A_AAGCTCTAGAAGTCTTCTCT,AACGGGCG_ZBTB7A,AACGGGCG_AAGCTCTAGAAGTCTTCTCT,AACGGGCG,ZBTB7A,ZBTB7A_disc2 ZBTB7A_K562_encode-Myers_seq_hsa_v041610.1-SC-34508_r1:Trawler#1#Intergenic_v9,9
GGCATGCCCGGGCATGTC_TP53_AAACCCAATTGACTCCTAAT,GGCATGCCCGGGCATGTC_TP53,GGCATGCCCGGGCATGTC_AAACCCAATTGACTCCTAAT,GGCATGCCCGGGCATGTC,TP53,TP53_Hsapiens-jaspar2018-TP53-MA0106.3_v4,4
GGCATGCCCGGGCATGTC_TP53_AGTGTTCCATTTTGAGTCAT,GGCATGCCCGGGCATGTC_TP53,GGCATGCCCGGGCATGTC_AGTGTTCCATTTTGAGTCAT,GGCATGCCCGGGCATGTC,TP53,TP53_Hsapiens-jaspar2018-TP53-MA0106.3_v4,4
GGCATGCCCGGGCATGTC_TP53_CCTGCTGCAACCTCCTTGAG,GGCATGCCCGGGCATGTC_TP53,GGCATGCCCGGGCATGTC_CCTGCTGCAACCTCCTTGAG,GGCATGCCCGGGCATGTC,TP53,TP53_Hsapiens-jaspar2018-TP53-MA0106.3_v4,4
GGCATGCCCGGGCATGTC_TP53_CGCTCGGCAGCCAACCTCAA,GGCATGCCCGGGCATGTC_TP53,GGCATGCCCGGGCATGTC_CGCTCGGCAGCCAACCTCAA,GGCATGCCCGGGCATGTC,TP53,TP53_Hsapiens-jaspar2018-TP53-MA0106.3_v4,4
GGCATGCCCGGGCATGTC_TP53_GAATCCCGAAAGAAACCGC,GGCATGCCCGGGCATGTC_TP53,GGCATGCCCGGGCATGTC_GAATCCCGAAAGAAACCGC,GGCATGCCCGGGCATGTC,TP53,TP53_Hsapiens-jaspar2018-TP53-MA0106.3_v4,4
AGTCAACAA_FOXB1_ACGATACGGCCCTCCGCCAA,AGTCAACAA_FOXB1,AGTCAACAA_ACGATACGGCCCTCCGCCAA,AGTCAACAA,FOXB1,FOXB1_Hsapiens-SwissRegulon-FOXB1.SwissRegulon_v3,3
AGTCAACAA_FOXB1_ATCGGGGCCGAAGAGCAATA,AGTCAACAA_FOXB1,AGTCAACAA_ATCGGGGCCGAAGAGCAATA,AGTCAACAA,FOXB1,FOXB1_Hsapiens-SwissRegulon-FOXB1.SwissRegulon_v3,3
AGTCAACAA_FOXB1_CGGCCGCACGCACCATCTAT,AGTCAACAA_FOXB1,AGTCAACAA_CGGCCGCACGCACCATCTAT,AGTCAACAA,FOXB1,FOXB1_Hsapiens-SwissRegulon-FOXB1.SwissRegulon_v3,3
AGTCAACAA_FOXB1_GCCACCTAAAAGCAACCCGA,AGTCAACAA_FOXB1,AGTCAACAA_GCCACCTAAAAGCAACCCGA,AGTCAACAA,FOXB1,FOXB1_Hsapiens-SwissRegulon-FOXB1.SwissRegulon_v3,3
AGTCAACAA_FOXB1_GTGCACTCGATCTCCCTCCC,AGTCAACAA_FOXB1,AGTCAACAA_GTGCACTCGATCTCCCTCCC,AGTCAACAA,FOXB1,FOXB1_Hsapiens-SwissRegulon-FOXB1.SwissRegulon_v3,3
GCAGAAAGAAGTAACC_SPDEF_AAAAAATTTTAGCTTTATAC,GCAGAAAGAAGTAACC_SPDEF,GCAGAAAGAAGTAACC_AAAAAATTTTAGCTTTATAC,GCAGAAAGAAGTAACC,SPDEF,SPDEF_7	SPDEF_jolma_full_M122_v6,6
GCAGAAAGAAGTAACC_SPDEF_AATACGCATACAGCAATCTG,GCAGAAAGAAGTAACC_SPDEF,GCAGAAAGAAGTAACC_AATACGCATACAGCAATCTG,GCAGAAAGAAGTAACC,SPDEF,SPDEF_7	SPDEF_jolma_full_M122_v6,6
GCAGAAAGAAGTAACC_SPDEF_AATGAGATTCCAGTCACTAA,GCAGAAAGAAGTAACC_SPDEF,GCAGAAAGAAGTAACC_AATGAGATTCCAGTCACTAA,GCAGAAAGAAGTAACC,SPDEF,SPDEF_7	SPDEF_jolma_full_M122_v6,6
GCAGAAAGAAGTAACC_SPDEF_ACCACTATGATGGATGTCTC,GCAGAAAGAAGTAACC_SPDEF,GCAGAAAGAAGTAACC_ACCACTATGATGGATGTCTC,GCAGAAAGAAGTAACC,SPDEF,SPDEF_7	SPDEF_jolma_full_M122_v6,6
GCAGAAAGAAGTAACC_SPDEF_ACGTATTCGATCCCCTTTTC,GCAGAAAGAAGTAACC_SPDEF,GCAGAAAGAAGTAACC_ACGTATTCGATCCCCTTTTC,GCAGAAAGAAGTAACC,SPDEF,SPDEF_7	SPDEF_jolma_full_M122_v6,6
ACGATCCGGAAGTTC_EHF_AAAACCCCCGTATACTTTAC,ACGATCCGGAAGTTC_EHF,ACGATCCGGAAGTTC_AAAACCCCCGTATACTTTAC,ACGATCCGGAAGTTC,EHF,EHF_1	Ehf_bulyk_sc09-primary_v7,7
ACGATCCGGAAGTTC_EHF_AAAATTTCGACATCAAGCAG,ACGATCCGGAAGTTC_EHF,ACGATCCGGAAGTTC_AAAATTTCGACATCAAGCAG,ACGATCCGGAAGTTC,EHF,EHF_1	Ehf_bulyk_sc09-primary_v7,7
ACGATCCGGAAGTTC_EHF_AAATTTCACACAACTGATC,ACGATCCGGAAGTTC_EHF,ACGATCCGGAAGTTC_AAATTTCACACAACTGATC,ACGATCCGGAAGTTC,EHF,EHF_1	Ehf_bulyk_sc09-primary_v7,7
ACGATCCGGAAGTTC_EHF_AACACAACATAGCTAAAACT,ACGATCCGGAAGTTC_EHF,ACGATCCGGAAGTTC_AACACAACATAGCTAAAACT,ACGATCCGGAAGTTC,EHF,EHF_1	Ehf_bulyk_sc09-primary_v7,7
ACGATCCGGAAGTTC_EHF_AACCAAGATATCGATTCGAA,ACGATCCGGAAGTTC_EHF,ACGATCCGGAAGTTC_AACCAAGATATCGATTCGAA,ACGATCCGGAAGTTC,EHF,EHF_1	Ehf_bulyk_sc09-primary_v7,7
TACGCGGAAGTA_ELF3_AAACTGAGCTACTGGATTTA,TACGCGGAAGTA_ELF3,TACGCGGAAGTA_AAACTGAGCTACTGGATTTA,TACGCGGAAGTA,ELF3,ELF3_2	ELF3_jolma_DBD_M83_v6,6
TACGCGGAAGTA_ELF3_AAGCCCCGGTTGCGTTAGAC,TACGCGGAAGTA_ELF3,TACGCGGAAGTA_AAGCCCCGGTTGCGTTAGAC,TACGCGGAAGTA,ELF3,ELF3_2	ELF3_jolma_DBD_M83_v6,6
TACGCGGAAGTA_ELF3_ACAACAATAATTGCACTTAC,TACGCGGAAGTA_ELF3,TACGCGGAAGTA_ACAACAATAATTGCACTTAC,TACGCGGAAGTA,ELF3,ELF3_2	ELF3_jolma_DBD_M83_v6,6
TACGCGGAAGTA_ELF3_ACATATGATTAGATCGCCCT,TACGCGGAAGTA_ELF3,TACGCGGAAGTA_ACATATGATTAGATCGCCCT,TACGCGGAAGTA,ELF3,ELF3_2	ELF3_jolma_DBD_M83_v6,6
TACGCGGAAGTA_ELF3_ACCACCCCAGCATCGTGATC,TACGCGGAAGTA_ELF3,TACGCGGAAGTA_ACCACCCCAGCATCGTGATC,TACGCGGAAGTA,ELF3,ELF3_2	ELF3_jolma_DBD_M83_v6,6
TGGAAGTTTC_HIST2H2BE_AAACGGACGCCCTCGTAGTT,TGGAAGTTTC_HIST2H2BE,TGGAAGTTTC_AAACGGACGCCCTCGTAGTT,TGGAAGTTTC,HIST2H2BE,HIST2H2BE_Hsapiens-hPDI-HIST2H2BE_v2,2
TGGAAGTTTC_HIST2H2BE_AAATTCCAGCGTCCATGTAC,TGGAAGTTTC_HIST2H2BE,TGGAAGTTTC_AAATTCCAGCGTCCATGTAC,TGGAAGTTTC,HIST2H2BE,HIST2H2BE_Hsapiens-hPDI-HIST2H2BE_v2,2
TGGAAGTTTC_HIST2H2BE_AACATAGGTAATTGGTCTC,TGGAAGTTTC_HIST2H2BE,TGGAAGTTTC_AACATAGGTAATTGGTCTC,TGGAAGTTTC,HIST2H2BE,HIST2H2BE_Hsapiens-hPDI-HIST2H2BE_v2,2
TGGAAGTTTC_HIST2H2BE_AACCAAAATCTATCGCACGT,TGGAAGTTTC_HIST2H2BE,TGGAAGTTTC_AACCAAAATCTATCGCACGT,TGGAAGTTTC,HIST2H2BE,HIST2H2BE_Hsapiens-hPDI-HIST2H2BE_v2,2
TGGAAGTTTC_HIST2H2BE_AACCCCCTTTGATTCACCAG,TGGAAGTTTC_HIST2H2BE,TGGAAGTTTC_AACCCCCTTTGATTCACCAG,TGGAAGTTTC,HIST2H2BE,HIST2H2BE_Hsapiens-hPDI-HIST2H2BE_v2,2
GGAGGGAAG_GTF2I_AACAACACCAATTATAATTT,GGAGGGAAG_GTF2I,GGAGGGAAG_AACAACACCAATTATAATTT,GGAGGGAAG,GTF2I,GTF2I_Hsapiens-SwissRegulon-GTF2I.SwissRegulon_v9,9
GGAGGGAAG_GTF2I_AAGTGACAGCCAATCATACG,GGAGGGAAG_GTF2I,GGAGGGAAG_AAGTGACAGCCAATCATACG,GGAGGGAAG,GTF2I,GTF2I_Hsapiens-SwissRegulon-GTF2I.SwissRegulon_v9,9
GGAGGGAAG_GTF2I_AATAAGGAACTGGTGCGGAA,GGAGGGAAG_GTF2I,GGAGGGAAG_AATAAGGAACTGGTGCGGAA,GGAGGGAAG,GTF2I,GTF2I_Hsapiens-SwissRegulon-GTF2I.SwissRegulon_v9,9
GGAGGGAAG_GTF2I_ACAATTACGGTTTTCAATGC,GGAGGGAAG_GTF2I,GGAGGGAAG_ACAATTACGGTTTTCAATGC,GGAGGGAAG,GTF2I,GTF2I_Hsapiens-SwissRegulon-GTF2I.SwissRegulon_v9,9
GGAGGGAAG_GTF2I_ACATTCTCGCTTGACCCGGC,GGAGGGAAG_GTF2I,GGAGGGAAG_ACATTCTCGCTTGACCCGGC,GGAGGGAAG,GTF2I,GTF2I_Hsapiens-SwissRegulon-GTF2I.SwissRegulon_v9,9
TTACTGG_TCEAL2_AACCCTCAGTCCGCCTAAGA,TTACTGG_TCEAL2,TTACTGG_AACCCTCAGTCCGCCTAAGA,TTACTGG,TCEAL2,TCEAL2_Hsapiens-hPDI-TCEAL2_v8,8
TTACTGG_TCEAL2_AAGTCGTCCGACCAGACCAA,TTACTGG_TCEAL2,TTACTGG_AAGTCGTCCGACCAGACCAA,TTACTGG,TCEAL2,TCEAL2_Hsapiens-hPDI-TCEAL2_v8,8
TTACTGG_TCEAL2_ACTACACGTGTTAGTTCCCA,TTACTGG_TCEAL2,TTACTGG_ACTACACGTGTTAGTTCCCA,TTACTGG,TCEAL2,TCEAL2_Hsapiens-hPDI-TCEAL2_v8,8
TTACTGG_TCEAL2_ACTTACATTGTCTCCCATCT,TTACTGG_TCEAL2,TTACTGG_ACTTACATTGTCTCCCATCT,TTACTGG,TCEAL2,TCEAL2_Hsapiens-hPDI-TCEAL2_v8,8
TTACTGG_TCEAL2_AGTCAAGTAGCCCAAGATCT,TTACTGG_TCEAL2,TTACTGG_AGTCAAGTAGCCCAAGATCT,TTACTGG,TCEAL2,TCEAL2_Hsapiens-hPDI-TCEAL2_v8,8
GCTAAATGTT_BARHL1_AAGGCCTCTCCGTTTCCATC,GCTAAATGTT_BARHL1,GCTAAATGTT_AAGGCCTCTCCGTTTCCATC,GCTAAATGTT,BARHL1,BARHL1_3	Barhl1_jolma_DBD_M468_v1,1
GCTAAATGTT_BARHL1_AATCATATACCGCAATCCAA,GCTAAATGTT_BARHL1,GCTAAATGTT_AATCATATACCGCAATCCAA,GCTAAATGTT,BARHL1,BARHL1_3	Barhl1_jolma_DBD_M468_v1,1
GCTAAATGTT_BARHL1_ACCAAAACTCCGCCCCCGTT,GCTAAATGTT_BARHL1,GCTAAATGTT_ACCAAAACTCCGCCCCCGTT,GCTAAATGTT,BARHL1,BARHL1_3	Barhl1_jolma_DBD_M468_v1,1
GCTAAATGTT_BARHL1_ATACCTCTAAACTAGGTCGT,GCTAAATGTT_BARHL1,GCTAAATGTT_ATACCTCTAAACTAGGTCGT,GCTAAATGTT,BARHL1,BARHL1_3	Barhl1_jolma_DBD_M468_v1,1
GCTAAATGTT_BARHL1_CATCGCATGCACAGCCATCA,GCTAAATGTT_BARHL1,GCTAAATGTT_CATCGCATGCACAGCCATCA,GCTAAATGTT,BARHL1,BARHL1_3	Barhl1_jolma_DBD_M468_v1,1
AGGTCAGGGAGGGGTCA_RARA::RXRA_CATAGGGTTATATTGGTTTA,AGGTCAGGGAGGGGTCA_RARA::RXRA,AGGTCAGGGAGGGGTCA_CATAGGGTTATATTGGTTTA,AGGTCAGGGAGGGGTCA,RARA::RXRA,RARA::RXRA_Hsapiens-jaspar2016-RARA::RXRA-MA0159.1_v9,9
AGGTCAGGGAGGGGTCA_RARA::RXRA_CATCGAATCTAATTCACCGC,AGGTCAGGGAGGGGTCA_RARA::RXRA,AGGTCAGGGAGGGGTCA_CATCGAATCTAATTCACCGC,AGGTCAGGGAGGGGTCA,RARA::RXRA,RARA::RXRA_Hsapiens-jaspar2016-RARA::RXRA-MA0159.1_v9,9
AGGTCAGGGAGGGGTCA_RARA::RXRA_CCCCTGGATCCCCCGTGCCT,AGGTCAGGGAGGGGTCA_RARA::RXRA,AGGTCAGGGAGGGGTCA_CCCCTGGATCCCCCGTGCCT,AGGTCAGGGAGGGGTCA,RARA::RXRA,RARA::RXRA_Hsapiens-jaspar2016-RARA::RXRA-MA0159.1_v9,9
AGGTCAGGGAGGGGTCA_RARA::RXRA_CCCTTCAGTTAGACGATAAT,AGGTCAGGGAGGGGTCA_RARA::RXRA,AGGTCAGGGAGGGGTCA_CCCTTCAGTTAGACGATAAT,AGGTCAGGGAGGGGTCA,RARA::RXRA,RARA::RXRA_Hsapiens-jaspar2016-RARA::RXRA-MA0159.1_v9,9
AGGTCAGGGAGGGGTCA_RARA::RXRA_CTCACGCATAGATTCGACTC,AGGTCAGGGAGGGGTCA_RARA::RXRA,AGGTCAGGGAGGGGTCA_CTCACGCATAGATTCGACTC,AGGTCAGGGAGGGGTCA,RARA::RXRA,RARA::RXRA_Hsapiens-jaspar2016-RARA::RXRA-MA0159.1_v9,9
GATCACGTGCC_SREBF1_AAACTTCCAATATTACAACA,GATCACGTGCC_SREBF1,GATCACGTGCC_AAACTTCCAATATTACAACA,GATCACGTGCC,SREBF1,SREBF1_Hsapiens-cisbp_1.02-M3944_1.02_v9,9
GATCACGTGCC_SREBF1_AAAGGCCCCACGGATTCACA,GATCACGTGCC_SREBF1,GATCACGTGCC_AAAGGCCCCACGGATTCACA,GATCACGTGCC,SREBF1,SREBF1_Hsapiens-cisbp_1.02-M3944_1.02_v9,9
GATCACGTGCC_SREBF1_AAATCATGCTGCGACAGATA,GATCACGTGCC_SREBF1,GATCACGTGCC_AAATCATGCTGCGACAGATA,GATCACGTGCC,SREBF1,SREBF1_Hsapiens-cisbp_1.02-M3944_1.02_v9,9
GATCACGTGCC_SREBF1_AACAAATTAACTATGCATCC,GATCACGTGCC_SREBF1,GATCACGTGCC_AACAAATTAACTATGCATCC,GATCACGTGCC,SREBF1,SREBF1_Hsapiens-cisbp_1.02-M3944_1.02_v9,9
GATCACGTGCC_SREBF1_AACAACCTCATCCCTACGCA,GATCACGTGCC_SREBF1,GATCACGTGCC_AACAACCTCATCCCTACGCA,GATCACGTGCC,SREBF1,SREBF1_Hsapiens-cisbp_1.02-M3944_1.02_v9,9
ATAATCTCGGAGTAGCAG_GATA1::TAL1_AAAAAAAACGCGGCCTTGGG,ATAATCTCGGAGTAGCAG_GATA1::TAL1,ATAATCTCGGAGTAGCAG_AAAAAAAACGCGGCCTTGGG,ATAATCTCGGAGTAGCAG,GATA1::TAL1,GATA1::TAL1_Hsapiens-jaspar2018-GATA1::TAL1-MA0140.2_v8,8
ATAATCTCGGAGTAGCAG_GATA1::TAL1_AAATAGGCCGACGTGTTCCT,ATAATCTCGGAGTAGCAG_GATA1::TAL1,ATAATCTCGGAGTAGCAG_AAATAGGCCGACGTGTTCCT,ATAATCTCGGAGTAGCAG,GATA1::TAL1,GATA1::TAL1_Hsapiens-jaspar2018-GATA1::TAL1-MA0140.2_v8,8
ATAATCTCGGAGTAGCAG_GATA1::TAL1_AATCTATCCTAATTTTGATT,ATAATCTCGGAGTAGCAG_GATA1::TAL1,ATAATCTCGGAGTAGCAG_AATCTATCCTAATTTTGATT,ATAATCTCGGAGTAGCAG,GATA1::TAL1,GATA1::TAL1_Hsapiens-jaspar2018-GATA1::TAL1-MA0140.2_v8,8
ATAATCTCGGAGTAGCAG_GATA1::TAL1_AATGATGAACGGTTACTACC,ATAATCTCGGAGTAGCAG_GATA1::TAL1,ATAATCTCGGAGTAGCAG_AATGATGAACGGTTACTACC,ATAATCTCGGAGTAGCAG,GATA1::TAL1,GATA1::TAL1_Hsapiens-jaspar2018-GATA1::TAL1-MA0140.2_v8,8
ATAATCTCGGAGTAGCAG_GATA1::TAL1_ACAAGGCCTTATGCGACACG,ATAATCTCGGAGTAGCAG_GATA1::TAL1,ATAATCTCGGAGTAGCAG_ACAAGGCCTTATGCGACACG,ATAATCTCGGAGTAGCAG,GATA1::TAL1,GATA1::TAL1_Hsapiens-jaspar2018-GATA1::TAL1-MA0140.2_v8,8
TAGTTCA_RARG_ACCCCTGCGACTGTTCATAC,TAGTTCA_RARG,TAGTTCA_ACCCCTGCGACTGTTCATAC,TAGTTCA,RARG,RARG_Hsapiens-HOCOMOCOv10-RARG_HUMAN.H10MO.S_v8,8
TAGTTCA_RARG_ATGCGCCGATGCGACGTTGG,TAGTTCA_RARG,TAGTTCA_ATGCGCCGATGCGACGTTGG,TAGTTCA,RARG,RARG_Hsapiens-HOCOMOCOv10-RARG_HUMAN.H10MO.S_v8,8
TAGTTCA_RARG_CACCTATACCGCCGCTACTG,TAGTTCA_RARG,TAGTTCA_CACCTATACCGCCGCTACTG,TAGTTCA,RARG,RARG_Hsapiens-HOCOMOCOv10-RARG_HUMAN.H10MO.S_v8,8
TAGTTCA_RARG_CAGCGGTGTATTTCCTACCA,TAGTTCA_RARG,TAGTTCA_CAGCGGTGTATTTCCTACCA,TAGTTCA,RARG,RARG_Hsapiens-HOCOMOCOv10-RARG_HUMAN.H10MO.S_v8,8
TAGTTCA_RARG_CCCCCGCGCGCCTATCTGAC,TAGTTCA_RARG,TAGTTCA_CCCCCGCGCGCCTATCTGAC,TAGTTCA,RARG,RARG_Hsapiens-HOCOMOCOv10-RARG_HUMAN.H10MO.S_v8,8
AATTTTGCTGAG_MAF_ATGTTTACGCCCCAAAACGG,AATTTTGCTGAG_MAF,AATTTTGCTGAG_ATGTTTACGCCCCAAAACGG,AATTTTGCTGAG,MAF,MAF_known8	MAFK_4	MAFK_jolma_full_M386_v7,7
AATTTTGCTGAG_MAF_CCATACTCATCAACACCTAC,AATTTTGCTGAG_MAF,AATTTTGCTGAG_CCATACTCATCAACACCTAC,AATTTTGCTGAG,MAF,MAF_known8	MAFK_4	MAFK_jolma_full_M386_v7,7
AATTTTGCTGAG_MAF_CGACCCCTTAGACAAACACT,AATTTTGCTGAG_MAF,AATTTTGCTGAG_CGACCCCTTAGACAAACACT,AATTTTGCTGAG,MAF,MAF_known8	MAFK_4	MAFK_jolma_full_M386_v7,7
AATTTTGCTGAG_MAF_CTTAACACCTATACTGACCG,AATTTTGCTGAG_MAF,AATTTTGCTGAG_CTTAACACCTATACTGACCG,AATTTTGCTGAG,MAF,MAF_known8	MAFK_4	MAFK_jolma_full_M386_v7,7
AATTTTGCTGAG_MAF_TAACGTGCCGCAGACACAGT,AATTTTGCTGAG_MAF,AATTTTGCTGAG_TAACGTGCCGCAGACACAGT,AATTTTGCTGAG,MAF,MAF_known8	MAFK_4	MAFK_jolma_full_M386_v7,7
GCAAGTA_NKX2-5_AAATGTAAATTGCCCGTAAC,GCAAGTA_NKX2-5,GCAAGTA_AAATGTAAATTGCCCGTAAC,GCAAGTA,NKX2-5,NKX2-5_1	Nkx2-5_transfac_M00240_v10,10
GCAAGTA_NKX2-5_AAGACTGTGGTGCACGTTGG,GCAAGTA_NKX2-5,GCAAGTA_AAGACTGTGGTGCACGTTGG,GCAAGTA,NKX2-5,NKX2-5_1	Nkx2-5_transfac_M00240_v10,10
GCAAGTA_NKX2-5_ACATCTTGCTGAACCAACCA,GCAAGTA_NKX2-5,GCAAGTA_ACATCTTGCTGAACCAACCA,GCAAGTA,NKX2-5,NKX2-5_1	Nkx2-5_transfac_M00240_v10,10
GCAAGTA_NKX2-5_AGAACGATGACGCTCACAAG,GCAAGTA_NKX2-5,GCAAGTA_AGAACGATGACGCTCACAAG,GCAAGTA,NKX2-5,NKX2-5_1	Nkx2-5_transfac_M00240_v10,10
GCAAGTA_NKX2-5_AGCTAAAATCGGGTGTCTGC,GCAAGTA_NKX2-5,GCAAGTA_AGCTAAAATCGGGTGTCTGC,GCAAGTA,NKX2-5,NKX2-5_1	Nkx2-5_transfac_M00240_v10,10
GTCACGTGTC_MYC_AAAACGTCGCTTGTACTCCC,GTCACGTGTC_MYC,GTCACGTGTC_AAAACGTCGCTTGTACTCCC,GTCACGTGTC,MYC,MYC_known6	USF_3	USF_transfac_M00187_v1,1
GTCACGTGTC_MYC_AAATGTACAGCATGAATTAG,GTCACGTGTC_MYC,GTCACGTGTC_AAATGTACAGCATGAATTAG,GTCACGTGTC,MYC,MYC_known6	USF_3	USF_transfac_M00187_v1,1
GTCACGTGTC_MYC_AACAGACTTCAGTGCTGACG,GTCACGTGTC_MYC,GTCACGTGTC_AACAGACTTCAGTGCTGACG,GTCACGTGTC,MYC,MYC_known6	USF_3	USF_transfac_M00187_v1,1
GTCACGTGTC_MYC_AACCCTGCGCACCATGCCCC,GTCACGTGTC_MYC,GTCACGTGTC_AACCCTGCGCACCATGCCCC,GTCACGTGTC,MYC,MYC_known6	USF_3	USF_transfac_M00187_v1,1
GTCACGTGTC_MYC_AACCGACGTCTAAATTTTGT,GTCACGTGTC_MYC,GTCACGTGTC_AACCGACGTCTAAATTTTGT,GTCACGTGTC,MYC,MYC_known6	USF_3	USF_transfac_M00187_v1,1
GACCGGAAACG_ETV2_AAAACCCTGAATGATTTTTA,GACCGGAAACG_ETV2,GACCGGAAACG_AAAACCCTGAATGATTTTTA,GACCGGAAACG,ETV2,ETV2_Hsapiens-jaspar2018-ETV2-MA0762.1_v6,6
GACCGGAAACG_ETV2_AAAACTGTTCTCACTCACTC,GACCGGAAACG_ETV2,GACCGGAAACG_AAAACTGTTCTCACTCACTC,GACCGGAAACG,ETV2,ETV2_Hsapiens-jaspar2018-ETV2-MA0762.1_v6,6
GACCGGAAACG_ETV2_AAAATCCCCTTCTCACAACA,GACCGGAAACG_ETV2,GACCGGAAACG_AAAATCCCCTTCTCACAACA,GACCGGAAACG,ETV2,ETV2_Hsapiens-jaspar2018-ETV2-MA0762.1_v6,6
GACCGGAAACG_ETV2_AAACACCTTGAACATTATAT,GACCGGAAACG_ETV2,GACCGGAAACG_AAACACCTTGAACATTATAT,GACCGGAAACG,ETV2,ETV2_Hsapiens-jaspar2018-ETV2-MA0762.1_v6,6
GACCGGAAACG_ETV2_AAATGCAGCCGCTTACAAAG,GACCGGAAACG_ETV2,GACCGGAAACG_AAATGCAGCCGCTTACAAAG,GACCGGAAACG,ETV2,ETV2_Hsapiens-jaspar2018-ETV2-MA0762.1_v6,6
TCACTGAAATTGATTT_SOX8_AAAAGCGACTACACGCCGGCT,TCACTGAAATTGATTT_SOX8,TCACTGAAATTGATTT_AAAAGCGACTACACGCCGGCT,TCACTGAAATTGATTT,SOX8,SOX8_Hsapiens-HOCOMOCOv10-SOX8_HUMAN.H10MO.D_v2,2
TCACTGAAATTGATTT_SOX8_AAACAGGTACCATCCGCCCG,TCACTGAAATTGATTT_SOX8,TCACTGAAATTGATTT_AAACAGGTACCATCCGCCCG,TCACTGAAATTGATTT,SOX8,SOX8_Hsapiens-HOCOMOCOv10-SOX8_HUMAN.H10MO.D_v2,2
TCACTGAAATTGATTT_SOX8_AAAGCGACTACACGCCGGCT,TCACTGAAATTGATTT_SOX8,TCACTGAAATTGATTT_AAAGCGACTACACGCCGGCT,TCACTGAAATTGATTT,SOX8,SOX8_Hsapiens-HOCOMOCOv10-SOX8_HUMAN.H10MO.D_v2,2
TCACTGAAATTGATTT_SOX8_AACATAGTGCCACTCCCACC,TCACTGAAATTGATTT_SOX8,TCACTGAAATTGATTT_AACATAGTGCCACTCCCACC,TCACTGAAATTGATTT,SOX8,SOX8_Hsapiens-HOCOMOCOv10-SOX8_HUMAN.H10MO.D_v2,2
TCACTGAAATTGATTT_SOX8_ACCCATACAGCCCGATGGTC,TCACTGAAATTGATTT_SOX8,TCACTGAAATTGATTT_ACCCATACAGCCCGATGGTC,TCACTGAAATTGATTT,SOX8,SOX8_Hsapiens-HOCOMOCOv10-SOX8_HUMAN.H10MO.D_v2,2
GCTGGTCACGTGACCA_USF2_AACCCATAATAAGTTAACAC,GCTGGTCACGTGACCA_USF2,GCTGGTCACGTGACCA_AACCCATAATAAGTTAACAC,GCTGGTCACGTGACCA,USF2,USF2_Hsapiens-jaspar2018-USF2-MA0526.2_v3,3
GCTGGTCACGTGACCA_USF2_AACCCTCAACCACGGCCCAC,GCTGGTCACGTGACCA_USF2,GCTGGTCACGTGACCA_AACCCTCAACCACGGCCCAC,GCTGGTCACGTGACCA,USF2,USF2_Hsapiens-jaspar2018-USF2-MA0526.2_v3,3
GCTGGTCACGTGACCA_USF2_AAGACCATTTCGTACAAAAG,GCTGGTCACGTGACCA_USF2,GCTGGTCACGTGACCA_AAGACCATTTCGTACAAAAG,GCTGGTCACGTGACCA,USF2,USF2_Hsapiens-jaspar2018-USF2-MA0526.2_v3,3
GCTGGTCACGTGACCA_USF2_AGATTGTACTCTGAGCCAAA,GCTGGTCACGTGACCA_USF2,GCTGGTCACGTGACCA_AGATTGTACTCTGAGCCAAA,GCTGGTCACGTGACCA,USF2,USF2_Hsapiens-jaspar2018-USF2-MA0526.2_v3,3
GCTGGTCACGTGACCA_USF2_AGCCAGTCTAACAAATTTAG,GCTGGTCACGTGACCA_USF2,GCTGGTCACGTGACCA_AGCCAGTCTAACAAATTTAG,GCTGGTCACGTGACCA,USF2,USF2_Hsapiens-jaspar2018-USF2-MA0526.2_v3,3
TACCCACAATGCATTG_ZNF143_AAAACGCGTAGCTTGCACTT,TACCCACAATGCATTG_ZNF143,TACCCACAATGCATTG_AAAACGCGTAGCTTGCACTT,TACCCACAATGCATTG,ZNF143,ZNF143_known2	ZNF143_2	ZNF143_jolma_DBD_M43_v2,2
TACCCACAATGCATTG_ZNF143_AAAGTACATGTGGGCTAGAA,TACCCACAATGCATTG_ZNF143,TACCCACAATGCATTG_AAAGTACATGTGGGCTAGAA,TACCCACAATGCATTG,ZNF143,ZNF143_known2	ZNF143_2	ZNF143_jolma_DBD_M43_v2,2
TACCCACAATGCATTG_ZNF143_AACATACTTGGCTTAACAA,TACCCACAATGCATTG_ZNF143,TACCCACAATGCATTG_AACATACTTGGCTTAACAA,TACCCACAATGCATTG,ZNF143,ZNF143_known2	ZNF143_2	ZNF143_jolma_DBD_M43_v2,2
TACCCACAATGCATTG_ZNF143_AAGCTGCGTTTGCGTTTACG,TACCCACAATGCATTG_ZNF143,TACCCACAATGCATTG_AAGCTGCGTTTGCGTTTACG,TACCCACAATGCATTG,ZNF143,ZNF143_known2	ZNF143_2	ZNF143_jolma_DBD_M43_v2,2
TACCCACAATGCATTG_ZNF143_AATATCTTACGCAAGGCTCA,TACCCACAATGCATTG_ZNF143,TACCCACAATGCATTG_AATATCTTACGCAAGGCTCA,TACCCACAATGCATTG,ZNF143,ZNF143_known2	ZNF143_2	ZNF143_jolma_DBD_M43_v2,2
GAATGAC_PAX2_AAGGATTACCTCCGCCCTCC,GAATGAC_PAX2,GAATGAC_AAGGATTACCTCCGCCCTCC,GAATGAC,PAX2,PAX2_Hsapiens-HOCOMOCOv10-PAX2_HUMAN.H10MO.S_v5,5
GAATGAC_PAX2_ACCAGCTTATCAAACCTCTG,GAATGAC_PAX2,GAATGAC_ACCAGCTTATCAAACCTCTG,GAATGAC,PAX2,PAX2_Hsapiens-HOCOMOCOv10-PAX2_HUMAN.H10MO.S_v5,5
GAATGAC_PAX2_ACCGCGTATATCGCCCTATT,GAATGAC_PAX2,GAATGAC_ACCGCGTATATCGCCCTATT,GAATGAC,PAX2,PAX2_Hsapiens-HOCOMOCOv10-PAX2_HUMAN.H10MO.S_v5,5
GAATGAC_PAX2_ACCTGTCCTATACAATATGG,GAATGAC_PAX2,GAATGAC_ACCTGTCCTATACAATATGG,GAATGAC,PAX2,PAX2_Hsapiens-HOCOMOCOv10-PAX2_HUMAN.H10MO.S_v5,5
GAATGAC_PAX2_ACTCCCTGTGGTGCTAACCC,GAATGAC_PAX2,GAATGAC_ACTCCCTGTGGTGCTAACCC,GAATGAC,PAX2,PAX2_Hsapiens-HOCOMOCOv10-PAX2_HUMAN.H10MO.S_v5,5
TGAATAGTTATTCA_SOX1_ACTCCATCACCAACTTAGTC,TGAATAGTTATTCA_SOX1,TGAATAGTTATTCA_ACTCCATCACCAACTTAGTC,TGAATAGTTATTCA,SOX1,SOX1_5	Sox1_jolma_DBD_M810_v2,2
TGAATAGTTATTCA_SOX1_AGGAACTGAGATTCCCACCA,TGAATAGTTATTCA_SOX1,TGAATAGTTATTCA_AGGAACTGAGATTCCCACCA,TGAATAGTTATTCA,SOX1,SOX1_5	Sox1_jolma_DBD_M810_v2,2
TGAATAGTTATTCA_SOX1_CGGATGAACGGACTCCTTTT,TGAATAGTTATTCA_SOX1,TGAATAGTTATTCA_CGGATGAACGGACTCCTTTT,TGAATAGTTATTCA,SOX1,SOX1_5	Sox1_jolma_DBD_M810_v2,2
TGAATAGTTATTCA_SOX1_CTAACCTGATGTGGCGCACC,TGAATAGTTATTCA_SOX1,TGAATAGTTATTCA_CTAACCTGATGTGGCGCACC,TGAATAGTTATTCA,SOX1,SOX1_5	Sox1_jolma_DBD_M810_v2,2
TGAATAGTTATTCA_SOX1_CTAGTTCACGTCCGTCTTTG,TGAATAGTTATTCA_SOX1,TGAATAGTTATTCA_CTAGTTCACGTCCGTCTTTG,TGAATAGTTATTCA,SOX1,SOX1_5	Sox1_jolma_DBD_M810_v2,2
AAACACGTGT_MAX_AACAGGTTCCTCAGAACAAA,AAACACGTGT_MAX,AAACACGTGT_AACAGGTTCCTCAGAACAAA,AAACACGTGT,MAX,MAX_Hsapiens-JASPAR_CORE-MAX-MA0058.1_v10,10
AAACACGTGT_MAX_AACTGATTACCTTGAACCAA,AAACACGTGT_MAX,AAACACGTGT_AACTGATTACCTTGAACCAA,AAACACGTGT,MAX,MAX_Hsapiens-JASPAR_CORE-MAX-MA0058.1_v10,10
AAACACGTGT_MAX_AATAATTACTAAGTAAGCCG,AAACACGTGT_MAX,AAACACGTGT_AATAATTACTAAGTAAGCCG,AAACACGTGT,MAX,MAX_Hsapiens-JASPAR_CORE-MAX-MA0058.1_v10,10
AAACACGTGT_MAX_AATCTGGAACTTACCTCTAA,AAACACGTGT_MAX,AAACACGTGT_AATCTGGAACTTACCTCTAA,AAACACGTGT,MAX,MAX_Hsapiens-JASPAR_CORE-MAX-MA0058.1_v10,10
AAACACGTGT_MAX_ACCCGGTCTGAAAGGTACGT,AAACACGTGT_MAX,AAACACGTGT_ACCCGGTCTGAAAGGTACGT,AAACACGTGT,MAX,MAX_Hsapiens-JASPAR_CORE-MAX-MA0058.1_v10,10
CGCGTGGGTGG_EGR1_AAAGACATTTACTACGGCTC,CGCGTGGGTGG_EGR1,CGCGTGGGTGG_AAAGACATTTACTACGGCTC,CGCGTGGGTGG,EGR1,EGR1_Hsapiens-SwissRegulon-EGR1.SwissRegulon_v4,4
CGCGTGGGTGG_EGR1_AACTAAAAAAAGGATTGTTC,CGCGTGGGTGG_EGR1,CGCGTGGGTGG_AACTAAAAAAAGGATTGTTC,CGCGTGGGTGG,EGR1,EGR1_Hsapiens-SwissRegulon-EGR1.SwissRegulon_v4,4
CGCGTGGGTGG_EGR1_AACTACCTATCGGGCTATCC,CGCGTGGGTGG_EGR1,CGCGTGGGTGG_AACTACCTATCGGGCTATCC,CGCGTGGGTGG,EGR1,EGR1_Hsapiens-SwissRegulon-EGR1.SwissRegulon_v4,4
CGCGTGGGTGG_EGR1_ACATCCAGTCCCCTACCATT,CGCGTGGGTGG_EGR1,CGCGTGGGTGG_ACATCCAGTCCCCTACCATT,CGCGTGGGTGG,EGR1,EGR1_Hsapiens-SwissRegulon-EGR1.SwissRegulon_v4,4
CGCGTGGGTGG_EGR1_ACTACTAGGTCGTTTCACAT,CGCGTGGGTGG_EGR1,CGCGTGGGTGG_ACTACTAGGTCGTTTCACAT,CGCGTGGGTGG,EGR1,EGR1_Hsapiens-SwissRegulon-EGR1.SwissRegulon_v4,4
GAGGTCT_PPARA_AAAAGGTAAACCCTCCCTAC,GAGGTCT_PPARA,GAGGTCT_AAAAGGTAAACCCTCCCTAC,GAGGTCT,PPARA,PPARA_Hsapiens-SwissRegulon-PPARA.SwissRegulon_v3,3
GAGGTCT_PPARA_AAACGTGACTCGCGCCGCTC,GAGGTCT_PPARA,GAGGTCT_AAACGTGACTCGCGCCGCTC,GAGGTCT,PPARA,PPARA_Hsapiens-SwissRegulon-PPARA.SwissRegulon_v3,3
GAGGTCT_PPARA_AACACATTCCACGTCTTCTG,GAGGTCT_PPARA,GAGGTCT_AACACATTCCACGTCTTCTG,GAGGTCT,PPARA,PPARA_Hsapiens-SwissRegulon-PPARA.SwissRegulon_v3,3
GAGGTCT_PPARA_AACCACGTGTCCCGATAGCG,GAGGTCT_PPARA,GAGGTCT_AACCACGTGTCCCGATAGCG,GAGGTCT,PPARA,PPARA_Hsapiens-SwissRegulon-PPARA.SwissRegulon_v3,3
GAGGTCT_PPARA_AACGATATTGGCGCGGAATC,GAGGTCT_PPARA,GAGGTCT_AACGATATTGGCGCGGAATC,GAGGTCT,PPARA,PPARA_Hsapiens-SwissRegulon-PPARA.SwissRegulon_v3,3
